"Abbeville, LA Micro Area","Abbeville, LA"
"Aberdeen, SD Micro Area","Aberdeen, SD"
"Aberdeen, WA Micro Area","Aberdeen, WA"
"Abilene, TX Metro Area","Abilene, TX"
"Ada, OK Micro Area","Ada, OK"
"Adjuntas, PR Micro Area","Adjuntas, PR"
"Adrian, MI Micro Area","Adrian, MI"
"Aguadilla-Isabela-San Sebastián, PR Metro Area","Aguadilla, PR"
"Akron, OH Metro Area","Akron, OH"
"Alamogordo, NM Micro Area","Alamogordo, NM"
"Albany-Lebanon, OR Micro Area","Albany, OR"
"Albany-Schenectady-Troy, NY Metro Area","Albany, NY"
"Albany, GA Metro Area","Albany, GA"
"Albemarle, NC Micro Area","Albemarle, NC"
"Albert Lea, MN Micro Area","Albert Lea, MN"
"Albertville, AL Micro Area","Albertville, AL"
"Albuquerque, NM Metro Area","Albuquerque, NM"
"Alexander City, AL Micro Area","Alexander City, AL"
"Alexandria, LA Metro Area","Alexandria, LA"
"Alexandria, MN Micro Area","Alexandria, MN"
"Alice, TX Micro Area","Alice, TX"
"Allegan, MI Micro Area","Allegan, MI"
"Allentown-Bethlehem-Easton, PA-NJ Metro Area","Allentown, PA"
"Alma, MI Micro Area","Alma, MI"
"Alpena, MI Micro Area","Alpena, MI"
"Altoona, PA Metro Area","Altoona, PA"
"Altus, OK Micro Area","Altus, OK"
"Amarillo, TX Metro Area","Amarillo, TX"
"Americus, GA Micro Area","Americus, GA"
"Ames, IA Metro Area","Ames, IA"
"Amsterdam, NY Micro Area","Amsterdam, NY"
"Anchorage, AK Metro Area","Anchorage, AK"
"Anderson, IN Metro Area","Anderson, IN"
"Anderson, SC Metro Area","Anderson, SC"
"Andrews, TX Micro Area","Andrews, TX"
"Angola, IN Micro Area","Angola, IN"
"Ann Arbor, MI Metro Area","Ann Arbor, MI"
"Anniston-Oxford, AL Metro Area","Anniston, AL"
"Appleton, WI Metro Area","Appleton, WI"
"Arcadia, FL Micro Area","Arcadia, FL"
"Ardmore, OK Micro Area","Ardmore, OK"
"Arkadelphia, AR Micro Area","Arkadelphia, AR"
"Asheville, NC Metro Area","Asheville, NC"
"Ashland, OH Micro Area","Ashland, OH"
"Ashtabula, OH Micro Area","Ashtabula, OH"
"Astoria, OR Micro Area","Astoria, OR"
"Atchison, KS Micro Area","Atchison, KS"
"Athens-Clarke County, GA Metro Area","Athens, GA"
"Athens, OH Micro Area","Athens, OH"
"Athens, TN Micro Area","Athens, TN"
"Athens, TX Micro Area","Athens, TX"
"Atlanta-Sandy Springs-Marietta, GA Metro Area","Atlanta, GA"
"Atlantic City-Hammonton, NJ Metro Area","Atlantic City, NJ"
"Auburn-Opelika, AL Metro Area","Auburn, AL"
"Auburn, IN Micro Area","Auburn, IN"
"Auburn, NY Micro Area","Auburn, NY"
"Augusta-Richmond County, GA-SC Metro Area","Augusta, GA"
"Augusta-Waterville, ME Micro Area","Augusta, ME"
"Austin-Round Rock-San Marcos, TX Metro Area","Austin, TX"
"Austin, MN Micro Area","Austin, MN"
"Bainbridge, GA Micro Area","Bainbridge, GA"
"Bakersfield-Delano, CA Metro Area","Bakersfield, CA"
"Baltimore-Towson, MD Metro Area","Baltimore, MD"
"Bangor, ME Metro Area","Bangor, ME"
"Baraboo, WI Micro Area","Baraboo, WI"
"Barnstable Town, MA Metro Area","Barnstable Town, MA"
"Barre, VT Micro Area","Barre, VT"
"Bartlesville, OK Micro Area","Bartlesville, OK"
"Bastrop, LA Micro Area","Bastrop, LA"
"Batavia, NY Micro Area","Batavia, NY"
"Batesville, AR Micro Area","Batesville, AR"
"Baton Rouge, LA Metro Area","Baton Rouge, LA"
"Battle Creek, MI Metro Area","Battle Creek, MI"
"Bay City, MI Metro Area","Bay City, MI"
"Bay City, TX Micro Area","Bay City, TX"
"Beatrice, NE Micro Area","Beatrice, NE"
"Beaumont-Port Arthur, TX Metro Area","Beaumont, TX"
"Beaver Dam, WI Micro Area","Beaver Dam, WI"
"Beckley, WV Micro Area","Beckley, WV"
"Bedford, IN Micro Area","Bedford, IN"
"Beeville, TX Micro Area","Beeville, TX"
"Bellefontaine, OH Micro Area","Bellefontaine, OH"
"Bellingham, WA Metro Area","Bellingham, WA"
"Bemidji, MN Micro Area","Bemidji, MN"
"Bend, OR Metro Area","Bend, OR"
"Bennettsville, SC Micro Area","Bennettsville, SC"
"Bennington, VT Micro Area","Bennington, VT"
"Berlin, NH-VT Micro Area","Berlin, NH"
"Big Rapids, MI Micro Area","Big Rapids, MI"
"Big Spring, TX Micro Area","Big Spring, TX"
"Billings, MT Metro Area","Billings, MT"
"Binghamton, NY Metro Area","Binghamton, NY"
"Birmingham-Hoover, AL Metro Area","Birmingham, AL"
"Bishop, CA Micro Area","Bishop, CA"
"Bismarck, ND Metro Area","Bismarck, ND"
"Blackfoot, ID Micro Area","Blackfoot, ID"
"Blacksburg-Christiansburg-Radford, VA Metro Area","Blacksburg, VA"
"Bloomington-Normal, IL Metro Area","Bloomington, IL"
"Bloomington, IN Metro Area","Bloomington, IN"
"Bloomsburg-Berwick, PA Micro Area","Bloomsburg, PA"
"Bluefield, WV-VA Micro Area","Bluefield, WV"
"Blytheville, AR Micro Area","Blytheville, AR"
"Bogalusa, LA Micro Area","Bogalusa, LA"
"Boise City-Nampa, ID Metro Area","Boise City, ID"
"Bonham, TX Micro Area","Bonham, TX"
"Boone, IA Micro Area","Boone, IA"
"Boone, NC Micro Area","Boone, NC"
"Borger, TX Micro Area","Borger, TX"
"Boston-Cambridge-Quincy, MA-NH Metro Area","Boston, MA"
"Boulder, CO Metro Area","Boulder, CO"
"Bowling Green, KY Metro Area","Bowling Green, KY"
"Bozeman, MT Micro Area","Bozeman, MT"
"Bradford, PA Micro Area","Bradford, PA"
"Brainerd, MN Micro Area","Brainerd, MN"
"Branson, MO Micro Area","Branson, MO"
"Bremerton-Silverdale, WA Metro Area","Bremerton, WA"
"Brenham, TX Micro Area","Brenham, TX"
"Brevard, NC Micro Area","Brevard, NC"
"Bridgeport-Stamford-Norwalk, CT Metro Area","Bridgeport, CT"
"Brigham City, UT Micro Area","Brigham City, UT"
"Brookhaven, MS Micro Area","Brookhaven, MS"
"Brookings, OR Micro Area","Brookings, OR"
"Brookings, SD Micro Area","Brookings, SD"
"Brownsville-Harlingen, TX Metro Area","Brownsville, TX"
"Brownsville, TN Micro Area","Brownsville, TN"
"Brownwood, TX Micro Area","Brownwood, TX"
"Brunswick, GA Metro Area","Brunswick, GA"
"Bucyrus, OH Micro Area","Bucyrus, OH"
"Buffalo-Niagara Falls, NY Metro Area","Buffalo, NY"
"Burley, ID Micro Area","Burley, ID"
"Burlington-South Burlington, VT Metro Area","Burlington, VT"
"Burlington, IA-IL Micro Area","Burlington, IA"
"Burlington, NC Metro Area","Burlington, NC"
"Butte-Silver Bow, MT Micro Area","Butte, MT"
"Cadillac, MI Micro Area","Cadillac, MI"
"Calhoun, GA Micro Area","Calhoun, GA"
"Cambridge, MD Micro Area","Cambridge, MD"
"Cambridge, OH Micro Area","Cambridge, OH"
"Camden, AR Micro Area","Camden, AR"
"Campbellsville, KY Micro Area","Campbellsville, KY"
"Cañon City, CO Micro Area","Ca, CO"
"Canton-Massillon, OH Metro Area","Canton, OH"
"Canton, IL Micro Area","Canton, IL"
"Cape Coral-Fort Myers, FL Metro Area","Cape Coral, FL"
"Cape Girardeau-Jackson, MO-IL Metro Area","Cape Girardeau, MO"
"Carbondale, IL Micro Area","Carbondale, IL"
"Carlsbad-Artesia, NM Micro Area","Carlsbad, NM"
"Carson City, NV Metro Area","Carson City, NV"
"Casper, WY Metro Area","Casper, WY"
"Cedar City, UT Micro Area","Cedar City, UT"
"Cedar Rapids, IA Metro Area","Cedar Rapids, IA"
"Cedartown, GA Micro Area","Cedartown, GA"
"Celina, OH Micro Area","Celina, OH"
"Central City, KY Micro Area","Central City, KY"
"Centralia, IL Micro Area","Centralia, IL"
"Centralia, WA Micro Area","Centralia, WA"
"Chambersburg, PA Micro Area","Chambersburg, PA"
"Champaign-Urbana, IL Metro Area","Champaign, IL"
"Charleston-Mattoon, IL Micro Area","Charleston, IL"
"Charleston-North Charleston-Summerville, SC Metro Area","Charleston, SC"
"Charleston, WV Metro Area","Charleston, WV"
"Charlotte-Gastonia-Rock Hill, NC-SC Metro Area","Charlotte, NC"
"Charlottesville, VA Metro Area","Charlottesville, VA"
"Chattanooga, TN-GA Metro Area","Chattanooga, TN"
"Chester, SC Micro Area","Chester, SC"
"Cheyenne, WY Metro Area","Cheyenne, WY"
"Chicago-Joliet-Naperville, IL-IN-WI Metro Area","Chicago, IL"
"Chico, CA Metro Area","Chico, CA"
"Chillicothe, OH Micro Area","Chillicothe, OH"
"Cincinnati-Middletown, OH-KY-IN Metro Area","Cincinnati, OH"
"Claremont, NH Micro Area","Claremont, NH"
"Clarksburg, WV Micro Area","Clarksburg, WV"
"Clarksdale, MS Micro Area","Clarksdale, MS"
"Clarksville, TN-KY Metro Area","Clarksville, TN"
"Clearlake, CA Micro Area","Clearlake, CA"
"Cleveland-Elyria-Mentor, OH Metro Area","Cleveland, OH"
"Cleveland, MS Micro Area","Cleveland, MS"
"Cleveland, TN Metro Area","Cleveland, TN"
"Clewiston, FL Micro Area","Clewiston, FL"
"Clinton, IA Micro Area","Clinton, IA"
"Clovis, NM Micro Area","Clovis, NM"
"Coamo, PR Micro Area","Coamo, PR"
"Coeur d'Alene, ID Metro Area","Coeur d, ID"
"Coffeyville, KS Micro Area","Coffeyville, KS"
"Coldwater, MI Micro Area","Coldwater, MI"
"College Station-Bryan, TX Metro Area","College Station, TX"
"Colorado Springs, CO Metro Area","Colorado Springs, CO"
"Columbia, MO Metro Area","Columbia, MO"
"Columbia, SC Metro Area","Columbia, SC"
"Columbia, TN Micro Area","Columbia, TN"
"Columbus, GA-AL Metro Area","Columbus, GA"
"Columbus, IN Metro Area","Columbus, IN"
"Columbus, MS Micro Area","Columbus, MS"
"Columbus, NE Micro Area","Columbus, NE"
"Columbus, OH Metro Area","Columbus, OH"
"Concord, NH Micro Area","Concord, NH"
"Connersville, IN Micro Area","Connersville, IN"
"Cookeville, TN Micro Area","Cookeville, TN"
"Coos Bay, OR Micro Area","Coos Bay, OR"
"Corbin, KY Micro Area","Corbin, KY"
"Cordele, GA Micro Area","Cordele, GA"
"Corinth, MS Micro Area","Corinth, MS"
"Cornelia, GA Micro Area","Cornelia, GA"
"Corning, NY Micro Area","Corning, NY"
"Corpus Christi, TX Metro Area","Corpus Christi, TX"
"Corsicana, TX Micro Area","Corsicana, TX"
"Cortland, NY Micro Area","Cortland, NY"
"Corvallis, OR Metro Area","Corvallis, OR"
"Coshocton, OH Micro Area","Coshocton, OH"
"Crawfordsville, IN Micro Area","Crawfordsville, IN"
"Crescent City, CA Micro Area","Crescent City, CA"
"Crestview-Fort Walton Beach-Destin, FL Metro Area","Crestview, FL"
"Crossville, TN Micro Area","Crossville, TN"
"Crowley, LA Micro Area","Crowley, LA"
"Cullman, AL Micro Area","Cullman, AL"
"Culpeper, VA Micro Area","Culpeper, VA"
"Cumberland, MD-WV Metro Area","Cumberland, MD"
"Dallas-Fort Worth-Arlington, TX Metro Area","Dallas, TX"
"Dalton, GA Metro Area","Dalton, GA"
"Danville, IL Metro Area","Danville, IL"
"Danville, KY Micro Area","Danville, KY"
"Danville, VA Metro Area","Danville, VA"
"Daphne-Fairhope-Foley, AL Micro Area","Daphne, AL"
"Davenport-Moline-Rock Island, IA-IL Metro Area","Davenport, IA"
"Dayton, OH Metro Area","Dayton, OH"
"Decatur, AL Metro Area","Decatur, AL"
"Decatur, IL Metro Area","Decatur, IL"
"Decatur, IN Micro Area","Decatur, IN"
"Defiance, OH Micro Area","Defiance, OH"
"Del Rio, TX Micro Area","Del Rio, TX"
"Deltona-Daytona Beach-Ormond Beach, FL Metro Area","Deltona, FL"
"Deming, NM Micro Area","Deming, NM"
"Denver-Aurora-Broomfield, CO Metro Area","Denver, CO"
"DeRidder, LA Micro Area","DeRidder, LA"
"Des Moines-West Des Moines, IA Metro Area","Des Moines, IA"
"Detroit-Warren-Livonia, MI Metro Area","Detroit, MI"
"Dickinson, ND Micro Area","Dickinson, ND"
"Dillon, SC Micro Area","Dillon, SC"
"Dixon, IL Micro Area","Dixon, IL"
"Dodge City, KS Micro Area","Dodge City, KS"
"Dothan, AL Metro Area","Dothan, AL"
"Douglas, GA Micro Area","Douglas, GA"
"Dover, DE Metro Area","Dover, DE"
"Dublin, GA Micro Area","Dublin, GA"
"DuBois, PA Micro Area","DuBois, PA"
"Dubuque, IA Metro Area","Dubuque, IA"
"Duluth, MN-WI Metro Area","Duluth, MN"
"Dumas, TX Micro Area","Dumas, TX"
"Duncan, OK Micro Area","Duncan, OK"
"Dunn, NC Micro Area","Dunn, NC"
"Durango, CO Micro Area","Durango, CO"
"Durant, OK Micro Area","Durant, OK"
"Durham-Chapel Hill, NC Metro Area","Durham, NC"
"Dyersburg, TN Micro Area","Dyersburg, TN"
"Eagle Pass, TX Micro Area","Eagle Pass, TX"
"East Liverpool-Salem, OH Micro Area","East Liverpool, OH"
"East Stroudsburg, PA Micro Area","East Stroudsburg, PA"
"Easton, MD Micro Area","Easton, MD"
"Eau Claire, WI Metro Area","Eau Claire, WI"
"Edwards, CO Micro Area","Edwards, CO"
"Effingham, IL Micro Area","Effingham, IL"
"El Campo, TX Micro Area","El Campo, TX"
"El Centro, CA Metro Area","El Centro, CA"
"El Dorado, AR Micro Area","El Dorado, AR"
"El Paso, TX Metro Area","El Paso, TX"
"Elizabeth City, NC Micro Area","Elizabeth City, NC"
"Elizabethtown, KY Metro Area","Elizabethtown, KY"
"Elk City, OK Micro Area","Elk City, OK"
"Elkhart-Goshen, IN Metro Area","Elkhart, IN"
"Elko, NV Micro Area","Elko, NV"
"Ellensburg, WA Micro Area","Ellensburg, WA"
"Elmira, NY Metro Area","Elmira, NY"
"Emporia, KS Micro Area","Emporia, KS"
"Enid, OK Micro Area","Enid, OK"
"Enterprise-Ozark, AL Micro Area","Enterprise, AL"
"Erie, PA Metro Area","Erie, PA"
"Escanaba, MI Micro Area","Escanaba, MI"
"Espanola, NM Micro Area","Espanola, NM"
"Eufaula, AL-GA Micro Area","Eufaula, AL"
"Eugene-Springfield, OR Metro Area","Eugene, OR"
"Eureka-Arcata-Fortuna, CA Micro Area","Eureka, CA"
"Evanston, WY Micro Area","Evanston, WY"
"Evansville, IN-KY Metro Area","Evansville, IN"
"Fairbanks, AK Metro Area","Fairbanks, AK"
"Fairmont, MN Micro Area","Fairmont, MN"
"Fairmont, WV Micro Area","Fairmont, WV"
"Fajardo, PR Metro Area","Fajardo, PR"
"Fallon, NV Micro Area","Fallon, NV"
"Fargo, ND-MN Metro Area","Fargo, ND"
"Faribault-Northfield, MN Micro Area","Faribault, MN"
"Farmington, MO Micro Area","Farmington, MO"
"Farmington, NM Metro Area","Farmington, NM"
"Fayetteville-Springdale-Rogers, AR-MO Metro Area","Fayetteville, AR"
"Fayetteville, NC Metro Area","Fayetteville, NC"
"Fergus Falls, MN Micro Area","Fergus Falls, MN"
"Fernley, NV Micro Area","Fernley, NV"
"Findlay, OH Micro Area","Findlay, OH"
"Fitzgerald, GA Micro Area","Fitzgerald, GA"
"Flagstaff, AZ Metro Area","Flagstaff, AZ"
"Flint, MI Metro Area","Flint, MI"
"Florence-Muscle Shoals, AL Metro Area","Florence, AL"
"Florence, SC Metro Area","Florence, SC"
"Fond du Lac, WI Metro Area","Fond du Lac, WI"
"Forest City, NC Micro Area","Forest City, NC"
"Forrest City, AR Micro Area","Forrest City, AR"
"Fort Collins-Loveland, CO Metro Area","Fort Collins, CO"
"Fort Dodge, IA Micro Area","Fort Dodge, IA"
"Fort Leonard Wood, MO Micro Area","Fort Leonard Wood, MO"
"Fort Madison-Keokuk, IA-MO Micro Area","Fort Madison, IA"
"Fort Morgan, CO Micro Area","Fort Morgan, CO"
"Fort Payne, AL Micro Area","Fort Payne, AL"
"Fort Polk South, LA Micro Area","Fort Polk South, LA"
"Fort Smith, AR-OK Metro Area","Fort Smith, AR"
"Fort Valley, GA Micro Area","Fort Valley, GA"
"Fort Wayne, IN Metro Area","Fort Wayne, IN"
"Frankfort, IN Micro Area","Frankfort, IN"
"Frankfort, KY Micro Area","Frankfort, KY"
"Fredericksburg, TX Micro Area","Fredericksburg, TX"
"Freeport, IL Micro Area","Freeport, IL"
"Fremont, NE Micro Area","Fremont, NE"
"Fremont, OH Micro Area","Fremont, OH"
"Fresno, CA Metro Area","Fresno, CA"
"Gadsden, AL Metro Area","Gadsden, AL"
"Gaffney, SC Micro Area","Gaffney, SC"
"Gainesville, FL Metro Area","Gainesville, FL"
"Gainesville, GA Metro Area","Gainesville, GA"
"Gainesville, TX Micro Area","Gainesville, TX"
"Galesburg, IL Micro Area","Galesburg, IL"
"Gallup, NM Micro Area","Gallup, NM"
"Garden City, KS Micro Area","Garden City, KS"
"Gardnerville Ranchos, NV Micro Area","Gardnerville Ranchos, NV"
"Georgetown, SC Micro Area","Georgetown, SC"
"Gettysburg, PA Micro Area","Gettysburg, PA"
"Gillette, WY Micro Area","Gillette, WY"
"Glasgow, KY Micro Area","Glasgow, KY"
"Glens Falls, NY Metro Area","Glens Falls, NY"
"Gloversville, NY Micro Area","Gloversville, NY"
"Goldsboro, NC Metro Area","Goldsboro, NC"
"Granbury, TX Micro Area","Granbury, TX"
"Grand Forks, ND-MN Metro Area","Grand Forks, ND"
"Grand Island, NE Micro Area","Grand Island, NE"
"Grand Junction, CO Metro Area","Grand Junction, CO"
"Grand Rapids-Wyoming, MI Metro Area","Grand Rapids, MI"
"Grants Pass, OR Micro Area","Grants Pass, OR"
"Grants, NM Micro Area","Grants, NM"
"Great Bend, KS Micro Area","Great Bend, KS"
"Great Falls, MT Metro Area","Great Falls, MT"
"Greeley, CO Metro Area","Greeley, CO"
"Green Bay, WI Metro Area","Green Bay, WI"
"Greeneville, TN Micro Area","Greeneville, TN"
"Greensboro-High Point, NC Metro Area","Greensboro, NC"
"Greensburg, IN Micro Area","Greensburg, IN"
"Greenville-Mauldin-Easley, SC Metro Area","Greenville, SC"
"Greenville, MS Micro Area","Greenville, MS"
"Greenville, NC Metro Area","Greenville, NC"
"Greenville, OH Micro Area","Greenville, OH"
"Greenwood, MS Micro Area","Greenwood, MS"
"Greenwood, SC Micro Area","Greenwood, SC"
"Grenada, MS Micro Area","Grenada, MS"
"Guayama, PR Metro Area","Guayama, PR"
"Gulfport-Biloxi, MS Metro Area","Gulfport, MS"
"Guymon, OK Micro Area","Guymon, OK"
"Hagerstown-Martinsburg, MD-WV Metro Area","Hagerstown, MD"
"Hammond, LA Micro Area","Hammond, LA"
"Hanford-Corcoran, CA Metro Area","Hanford, CA"
"Hannibal, MO Micro Area","Hannibal, MO"
"Harriman, TN Micro Area","Harriman, TN"
"Harrisburg-Carlisle, PA Metro Area","Harrisburg, PA"
"Harrisburg, IL Micro Area","Harrisburg, IL"
"Harrison, AR Micro Area","Harrison, AR"
"Harrisonburg, VA Metro Area","Harrisonburg, VA"
"Hartford-West Hartford-East Hartford, CT Metro Area","Hartford, CT"
"Hastings, NE Micro Area","Hastings, NE"
"Hattiesburg, MS Metro Area","Hattiesburg, MS"
"Havre, MT Micro Area","Havre, MT"
"Hays, KS Micro Area","Hays, KS"
"Heber, UT Micro Area","Heber, UT"
"Helena-West Helena, AR Micro Area","Helena, AR"
"Helena, MT Micro Area","Helena, MT"
"Henderson, NC Micro Area","Henderson, NC"
"Hereford, TX Micro Area","Hereford, TX"
"Hickory-Lenoir-Morganton, NC Metro Area","Hickory, NC"
"Hilo, HI Micro Area","Hilo, HI"
"Hilton Head Island-Beaufort, SC Micro Area","Hilton Head Island, SC"
"Hinesville-Fort Stewart, GA Metro Area","Hinesville, GA"
"Hobbs, NM Micro Area","Hobbs, NM"
"Holland-Grand Haven, MI Metro Area","Holland, MI"
"Homosassa Springs, FL Micro Area","Homosassa Springs, FL"
"Honolulu, HI Metro Area","Honolulu, HI"
"Hood River, OR Micro Area","Hood River, OR"
"Hope, AR Micro Area","Hope, AR"
"Hot Springs, AR Metro Area","Hot Springs, AR"
"Houghton, MI Micro Area","Houghton, MI"
"Houma-Bayou Cane-Thibodaux, LA Metro Area","Houma, LA"
"Houston-Sugar Land-Baytown, TX Metro Area","Houston, TX"
"Hudson, NY Micro Area","Hudson, NY"
"Humboldt, TN Micro Area","Humboldt, TN"
"Huntingdon, PA Micro Area","Huntingdon, PA"
"Huntington-Ashland, WV-KY-OH Metro Area","Huntington, WV"
"Huntington, IN Micro Area","Huntington, IN"
"Huntsville, AL Metro Area","Huntsville, AL"
"Huntsville, TX Micro Area","Huntsville, TX"
"Huron, SD Micro Area","Huron, SD"
"Hutchinson, KS Micro Area","Hutchinson, KS"
"Hutchinson, MN Micro Area","Hutchinson, MN"
"Idaho Falls, ID Metro Area","Idaho Falls, ID"
"Indiana, PA Micro Area","Indiana, PA"
"Indianapolis-Carmel, IN Metro Area","Indianapolis, IN"
"Indianola, MS Micro Area","Indianola, MS"
"Iowa City, IA Metro Area","Iowa City, IA"
"Iron Mountain, MI-WI Micro Area","Iron Mountain, MI"
"Ithaca, NY Metro Area","Ithaca, NY"
"Jackson, MI Metro Area","Jackson, MI"
"Jackson, MS Metro Area","Jackson, MS"
"Jackson, TN Metro Area","Jackson, TN"
"Jackson, WY-ID Micro Area","Jackson, WY"
"Jacksonville, FL Metro Area","Jacksonville, FL"
"Jacksonville, IL Micro Area","Jacksonville, IL"
"Jacksonville, NC Metro Area","Jacksonville, NC"
"Jacksonville, TX Micro Area","Jacksonville, TX"
"Jamestown-Dunkirk-Fredonia, NY Micro Area","Jamestown, NY"
"Jamestown, ND Micro Area","Jamestown, ND"
"Janesville, WI Metro Area","Janesville, WI"
"Jasper, IN Micro Area","Jasper, IN"
"Jayuya, PR Micro Area","Jayuya, PR"
"Jefferson City, MO Metro Area","Jefferson City, MO"
"Jennings, LA Micro Area","Jennings, LA"
"Jesup, GA Micro Area","Jesup, GA"
"Johnson City, TN Metro Area","Johnson City, TN"
"Johnstown, PA Metro Area","Johnstown, PA"
"Jonesboro, AR Metro Area","Jonesboro, AR"
"Joplin, MO Metro Area","Joplin, MO"
"Juneau, AK Micro Area","Juneau, AK"
"Kahului-Wailuku, HI Micro Area","Kahului, HI"
"Kalamazoo-Portage, MI Metro Area","Kalamazoo, MI"
"Kalispell, MT Micro Area","Kalispell, MT"
"Kankakee-Bradley, IL Metro Area","Kankakee, IL"
"Kansas City, MO-KS Metro Area","Kansas City, MO"
"Kapaa, HI Micro Area","Kapaa, HI"
"Kearney, NE Micro Area","Kearney, NE"
"Keene, NH Micro Area","Keene, NH"
"Kendallville, IN Micro Area","Kendallville, IN"
"Kennett, MO Micro Area","Kennett, MO"
"Kennewick-Pasco-Richland, WA Metro Area","Kennewick, WA"
"Kerrville, TX Micro Area","Kerrville, TX"
"Ketchikan, AK Micro Area","Ketchikan, AK"
"Key West, FL Micro Area","Key West, FL"
"Kill Devil Hills, NC Micro Area","Kill Devil Hills, NC"
"Killeen-Temple-Fort Hood, TX Metro Area","Killeen, TX"
"Kingsport-Bristol-Bristol, TN-VA Metro Area","Kingsport, TN"
"Kingston, NY Metro Area","Kingston, NY"
"Kingsville, TX Micro Area","Kingsville, TX"
"Kinston, NC Micro Area","Kinston, NC"
"Kirksville, MO Micro Area","Kirksville, MO"
"Klamath Falls, OR Micro Area","Klamath Falls, OR"
"Knoxville, TN Metro Area","Knoxville, TN"
"Kodiak, AK Micro Area","Kodiak, AK"
"Kokomo, IN Metro Area","Kokomo, IN"
"La Crosse, WI-MN Metro Area","La Crosse, WI"
"La Follette, TN Micro Area","La Follette, TN"
"La Grande, OR Micro Area","La Grande, OR"
"Laconia, NH Micro Area","Laconia, NH"
"Lafayette, IN Metro Area","Lafayette, IN"
"Lafayette, LA Metro Area","Lafayette, LA"
"LaGrange, GA Micro Area","LaGrange, GA"
"Lake Charles, LA Metro Area","Lake Charles, LA"
"Lake City, FL Micro Area","Lake City, FL"
"Lake Havasu City-Kingman, AZ Metro Area","Lake Havasu City, AZ"
"Lakeland-Winter Haven, FL Metro Area","Lakeland, FL"
"Lamesa, TX Micro Area","Lamesa, TX"
"Lancaster, PA Metro Area","Lancaster, PA"
"Lancaster, SC Micro Area","Lancaster, SC"
"Lansing-East Lansing, MI Metro Area","Lansing, MI"
"Laramie, WY Micro Area","Laramie, WY"
"Laredo, TX Metro Area","Laredo, TX"
"Las Cruces, NM Metro Area","Las Cruces, NM"
"Las Vegas-Paradise, NV Metro Area","Las Vegas, NV"
"Las Vegas, NM Micro Area","Las Vegas, NM"
"Laurel, MS Micro Area","Laurel, MS"
"Laurinburg, NC Micro Area","Laurinburg, NC"
"Lawrence, KS Metro Area","Lawrence, KS"
"Lawrenceburg, TN Micro Area","Lawrenceburg, TN"
"Lawton, OK Metro Area","Lawton, OK"
"Lebanon, MO Micro Area","Lebanon, MO"
"Lebanon, NH-VT Micro Area","Lebanon, NH"
"Lebanon, PA Metro Area","Lebanon, PA"
"Levelland, TX Micro Area","Levelland, TX"
"Lewisburg, PA Micro Area","Lewisburg, PA"
"Lewisburg, TN Micro Area","Lewisburg, TN"
"Lewiston-Auburn, ME Metro Area","Lewiston, ME"
"Lewiston, ID-WA Metro Area","Lewiston, ID"
"Lewistown, PA Micro Area","Lewistown, PA"
"Lexington Park, MD Micro Area","Lexington Park, MD"
"Lexington-Fayette, KY Metro Area","Lexington, KY"
"Lexington, NE Micro Area","Lexington, NE"
"Liberal, KS Micro Area","Liberal, KS"
"Lima, OH Metro Area","Lima, OH"
"Lincoln, IL Micro Area","Lincoln, IL"
"Lincoln, NE Metro Area","Lincoln, NE"
"Lincolnton, NC Micro Area","Lincolnton, NC"
"Little Rock-North Little Rock-Conway, AR Metro Area","Little Rock, AR"
"Lock Haven, PA Micro Area","Lock Haven, PA"
"Logan, UT-ID Metro Area","Logan, UT"
"Logansport, IN Micro Area","Logansport, IN"
"London, KY Micro Area","London, KY"
"Longview, TX Metro Area","Longview, TX"
"Longview, WA Metro Area","Longview, WA"
"Los Alamos, NM Micro Area","Los Alamos, NM"
"Los Angeles-Long Beach-Santa Ana, CA Metro Area","Los Angeles, CA"
"Louisville/Jefferson County, KY-IN Metro Area","Louisville/Jefferson County, KY"
"Lubbock, TX Metro Area","Lubbock, TX"
"Lufkin, TX Micro Area","Lufkin, TX"
"Lumberton, NC Micro Area","Lumberton, NC"
"Lynchburg, VA Metro Area","Lynchburg, VA"
"Macomb, IL Micro Area","Macomb, IL"
"Macon, GA Metro Area","Macon, GA"
"Madera-Chowchilla, CA Metro Area","Madera, CA"
"Madison, IN Micro Area","Madison, IN"
"Madison, WI Metro Area","Madison, WI"
"Madisonville, KY Micro Area","Madisonville, KY"
"Magnolia, AR Micro Area","Magnolia, AR"
"Malone, NY Micro Area","Malone, NY"
"Manchester-Nashua, NH Metro Area","Manchester, NH"
"Manhattan, KS Metro Area","Manhattan, KS"
"Manitowoc, WI Micro Area","Manitowoc, WI"
"Mankato-North Mankato, MN Metro Area","Mankato, MN"
"Mansfield, OH Metro Area","Mansfield, OH"
"Marble Falls, TX Micro Area","Marble Falls, TX"
"Marinette, WI-MI Micro Area","Marinette, WI"
"Marion-Herrin, IL Micro Area","Marion, IL"
"Marion, IN Micro Area","Marion, IN"
"Marion, OH Micro Area","Marion, OH"
"Marquette, MI Micro Area","Marquette, MI"
"Marshall, MN Micro Area","Marshall, MN"
"Marshall, MO Micro Area","Marshall, MO"
"Marshall, TX Micro Area","Marshall, TX"
"Marshalltown, IA Micro Area","Marshalltown, IA"
"Marshfield-Wisconsin Rapids, WI Micro Area","Marshfield, WI"
"Martin, TN Micro Area","Martin, TN"
"Martinsville, VA Micro Area","Martinsville, VA"
"Maryville, MO Micro Area","Maryville, MO"
"Mason City, IA Micro Area","Mason City, IA"
"Mayagüez, PR Metro Area","Mayag, PR"
"Mayfield, KY Micro Area","Mayfield, KY"
"Maysville, KY Micro Area","Maysville, KY"
"McAlester, OK Micro Area","McAlester, OK"
"McAllen-Edinburg-Mission, TX Metro Area","McAllen, TX"
"McComb, MS Micro Area","McComb, MS"
"McMinnville, TN Micro Area","McMinnville, TN"
"McPherson, KS Micro Area","McPherson, KS"
"Meadville, PA Micro Area","Meadville, PA"
"Medford, OR Metro Area","Medford, OR"
"Memphis, TN-MS-AR Metro Area","Memphis, TN"
"Menomonie, WI Micro Area","Menomonie, WI"
"Merced, CA Metro Area","Merced, CA"
"Meridian, MS Micro Area","Meridian, MS"
"Merrill, WI Micro Area","Merrill, WI"
"Mexico, MO Micro Area","Mexico, MO"
"Miami-Fort Lauderdale-Pompano Beach, FL Metro Area","Miami, FL"
"Miami, OK Micro Area","Miami, OK"
"Michigan City-La Porte, IN Metro Area","Michigan City, IN"
"Middlesborough, KY Micro Area","Middlesborough, KY"
"Midland, MI Micro Area","Midland, MI"
"Midland, TX Metro Area","Midland, TX"
"Milledgeville, GA Micro Area","Milledgeville, GA"
"Milwaukee-Waukesha-West Allis, WI Metro Area","Milwaukee, WI"
"Minden, LA Micro Area","Minden, LA"
"Mineral Wells, TX Micro Area","Mineral Wells, TX"
"Minneapolis-St. Paul-Bloomington, MN-WI Metro Area","Minneapolis, MN"
"Minot, ND Micro Area","Minot, ND"
"Missoula, MT Metro Area","Missoula, MT"
"Mitchell, SD Micro Area","Mitchell, SD"
"Moberly, MO Micro Area","Moberly, MO"
"Mobile, AL Metro Area","Mobile, AL"
"Modesto, CA Metro Area","Modesto, CA"
"Monroe, LA Metro Area","Monroe, LA"
"Monroe, MI Metro Area","Monroe, MI"
"Monroe, WI Micro Area","Monroe, WI"
"Montgomery, AL Metro Area","Montgomery, AL"
"Montrose, CO Micro Area","Montrose, CO"
"Morehead City, NC Micro Area","Morehead City, NC"
"Morgan City, LA Micro Area","Morgan City, LA"
"Morgantown, WV Metro Area","Morgantown, WV"
"Morristown, TN Metro Area","Morristown, TN"
"Moscow, ID Micro Area","Moscow, ID"
"Moses Lake, WA Micro Area","Moses Lake, WA"
"Moultrie, GA Micro Area","Moultrie, GA"
"Mount Airy, NC Micro Area","Mount Airy, NC"
"Mount Pleasant, MI Micro Area","Mount Pleasant, MI"
"Mount Pleasant, TX Micro Area","Mount Pleasant, TX"
"Mount Sterling, KY Micro Area","Mount Sterling, KY"
"Mount Vernon-Anacortes, WA Metro Area","Mount Vernon, WA"
"Mount Vernon, IL Micro Area","Mount Vernon, IL"
"Mount Vernon, OH Micro Area","Mount Vernon, OH"
"Mountain Home, AR Micro Area","Mountain Home, AR"
"Mountain Home, ID Micro Area","Mountain Home, ID"
"Muncie, IN Metro Area","Muncie, IN"
"Murray, KY Micro Area","Murray, KY"
"Muscatine, IA Micro Area","Muscatine, IA"
"Muskegon-Norton Shores, MI Metro Area","Muskegon, MI"
"Muskogee, OK Micro Area","Muskogee, OK"
"Myrtle Beach-North Myrtle Beach-Conway, SC Metro Area","Myrtle Beach, SC"
"Nacogdoches, TX Micro Area","Nacogdoches, TX"
"Napa, CA Metro Area","Napa, CA"
"Naples-Marco Island, FL Metro Area","Naples, FL"
"Nashville-Davidson--Murfreesboro--Franklin, TN Metro Area","Nashville, TN"
"Natchez, MS-LA Micro Area","Natchez, MS"
"Natchitoches, LA Micro Area","Natchitoches, LA"
"New Bern, NC Micro Area","New Bern, NC"
"New Castle, IN Micro Area","New Castle, IN"
"New Castle, PA Micro Area","New Castle, PA"
"New Haven-Milford, CT Metro Area","New Haven, CT"
"New Iberia, LA Micro Area","New Iberia, LA"
"New Orleans-Metairie-Kenner, LA Metro Area","New Orleans, LA"
"New Philadelphia-Dover, OH Micro Area","New Philadelphia, OH"
"New Ulm, MN Micro Area","New Ulm, MN"
"New York-Northern New Jersey-Long Island, NY-NJ-PA Metro Area","New York, NY"
"Newberry, SC Micro Area","Newberry, SC"
"Newport, TN Micro Area","Newport, TN"
"Newton, IA Micro Area","Newton, IA"
"Niles-Benton Harbor, MI Metro Area","Niles, MI"
"Nogales, AZ Micro Area","Nogales, AZ"
"Norfolk, NE Micro Area","Norfolk, NE"
"North Platte, NE Micro Area","North Platte, NE"
"North Port-Bradenton-Sarasota, FL Metro Area","North Port, FL"
"North Vernon, IN Micro Area","North Vernon, IN"
"North Wilkesboro, NC Micro Area","North Wilkesboro, NC"
"Norwalk, OH Micro Area","Norwalk, OH"
"Norwich-New London, CT Metro Area","Norwich, CT"
"Oak Harbor, WA Micro Area","Oak Harbor, WA"
"Oak Hill, WV Micro Area","Oak Hill, WV"
"Ocala, FL Metro Area","Ocala, FL"
"Ocean City, NJ Metro Area","Ocean City, NJ"
"Ocean Pines, MD Micro Area","Ocean Pines, MD"
"Odessa, TX Metro Area","Odessa, TX"
"Ogden-Clearfield, UT Metro Area","Ogden, UT"
"Ogdensburg-Massena, NY Micro Area","Ogdensburg, NY"
"Oil City, PA Micro Area","Oil City, PA"
"Okeechobee, FL Micro Area","Okeechobee, FL"
"Oklahoma City, OK Metro Area","Oklahoma City, OK"
"Olean, NY Micro Area","Olean, NY"
"Olympia, WA Metro Area","Olympia, WA"
"Omaha-Council Bluffs, NE-IA Metro Area","Omaha, NE"
"Oneonta, NY Micro Area","Oneonta, NY"
"Ontario, OR-ID Micro Area","Ontario, OR"
"Opelousas-Eunice, LA Micro Area","Opelousas, LA"
"Orangeburg, SC Micro Area","Orangeburg, SC"
"Orlando-Kissimmee-Sanford, FL Metro Area","Orlando, FL"
"Oshkosh-Neenah, WI Metro Area","Oshkosh, WI"
"Oskaloosa, IA Micro Area","Oskaloosa, IA"
"Ottawa-Streator, IL Micro Area","Ottawa, IL"
"Ottumwa, IA Micro Area","Ottumwa, IA"
"Owatonna, MN Micro Area","Owatonna, MN"
"Owensboro, KY Metro Area","Owensboro, KY"
"Owosso, MI Micro Area","Owosso, MI"
"Oxford, MS Micro Area","Oxford, MS"
"Oxnard-Thousand Oaks-Ventura, CA Metro Area","Oxnard, CA"
"Paducah, KY-IL Micro Area","Paducah, KY"
"Pahrump, NV Micro Area","Pahrump, NV"
"Palatka, FL Micro Area","Palatka, FL"
"Palestine, TX Micro Area","Palestine, TX"
"Palm Bay-Melbourne-Titusville, FL Metro Area","Palm Bay, FL"
"Palm Coast, FL Metro Area","Palm Coast, FL"
"Pampa, TX Micro Area","Pampa, TX"
"Panama City-Lynn Haven-Panama City Beach, FL Metro Area","Panama City, FL"
"Paragould, AR Micro Area","Paragould, AR"
"Paris, TN Micro Area","Paris, TN"
"Paris, TX Micro Area","Paris, TX"
"Parkersburg-Marietta-Vienna, WV-OH Metro Area","Parkersburg, WV"
"Parsons, KS Micro Area","Parsons, KS"
"Pascagoula, MS Metro Area","Pascagoula, MS"
"Payson, AZ Micro Area","Payson, AZ"
"Pecos, TX Micro Area","Pecos, TX"
"Pella, IA Micro Area","Pella, IA"
"Pendleton-Hermiston, OR Micro Area","Pendleton, OR"
"Pensacola-Ferry Pass-Brent, FL Metro Area","Pensacola, FL"
"Peoria, IL Metro Area","Peoria, IL"
"Peru, IN Micro Area","Peru, IN"
"Philadelphia-Camden-Wilmington, PA-NJ-DE-MD Metro Area","Philadelphia, PA"
"Phoenix Lake-Cedar Ridge, CA Micro Area","Phoenix Lake, CA"
"Phoenix-Mesa-Glendale, AZ Metro Area","Phoenix, AZ"
"Picayune, MS Micro Area","Picayune, MS"
"Pierre Part, LA Micro Area","Pierre Part, LA"
"Pierre, SD Micro Area","Pierre, SD"
"Pine Bluff, AR Metro Area","Pine Bluff, AR"
"Pittsburg, KS Micro Area","Pittsburg, KS"
"Pittsburgh, PA Metro Area","Pittsburgh, PA"
"Pittsfield, MA Metro Area","Pittsfield, MA"
"Plainview, TX Micro Area","Plainview, TX"
"Platteville, WI Micro Area","Platteville, WI"
"Plattsburgh, NY Micro Area","Plattsburgh, NY"
"Plymouth, IN Micro Area","Plymouth, IN"
"Pocatello, ID Metro Area","Pocatello, ID"
"Point Pleasant, WV-OH Micro Area","Point Pleasant, WV"
"Ponca City, OK Micro Area","Ponca City, OK"
"Ponce, PR Metro Area","Ponce, PR"
"Pontiac, IL Micro Area","Pontiac, IL"
"Poplar Bluff, MO Micro Area","Poplar Bluff, MO"
"Port Angeles, WA Micro Area","Port Angeles, WA"
"Port St. Lucie, FL Metro Area","Port St. Lucie, FL"
"Portales, NM Micro Area","Portales, NM"
"Portland-South Portland-Biddeford, ME Metro Area","Portland, ME"
"Portland-Vancouver-Hillsboro, OR-WA Metro Area","Portland, OR"
"Portsmouth, OH Micro Area","Portsmouth, OH"
"Pottsville, PA Micro Area","Pottsville, PA"
"Poughkeepsie-Newburgh-Middletown, NY Metro Area","Poughkeepsie, NY"
"Prescott, AZ Metro Area","Prescott, AZ"
"Price, UT Micro Area","Price, UT"
"Prineville, OR Micro Area","Prineville, OR"
"Providence-New Bedford-Fall River, RI-MA Metro Area","Providence, RI"
"Provo-Orem, UT Metro Area","Provo, UT"
"Pueblo, CO Metro Area","Pueblo, CO"
"Pullman, WA Micro Area","Pullman, WA"
"Punta Gorda, FL Metro Area","Punta Gorda, FL"
"Quincy, IL-MO Micro Area","Quincy, IL"
"Racine, WI Metro Area","Racine, WI"
"Raleigh-Cary, NC Metro Area","Raleigh, NC"
"Rapid City, SD Metro Area","Rapid City, SD"
"Raymondville, TX Micro Area","Raymondville, TX"
"Reading, PA Metro Area","Reading, PA"
"Red Bluff, CA Micro Area","Red Bluff, CA"
"Red Wing, MN Micro Area","Red Wing, MN"
"Redding, CA Metro Area","Redding, CA"
"Reno-Sparks, NV Metro Area","Reno, NV"
"Rexburg, ID Micro Area","Rexburg, ID"
"Richmond-Berea, KY Micro Area","Richmond, KY"
"Richmond, IN Micro Area","Richmond, IN"
"Richmond, VA Metro Area","Richmond, VA"
"Rio Grande City-Roma, TX Micro Area","Rio Grande City, TX"
"Riverside-San Bernardino-Ontario, CA Metro Area","Riverside, CA"
"Riverton, WY Micro Area","Riverton, WY"
"Roanoke Rapids, NC Micro Area","Roanoke Rapids, NC"
"Roanoke, VA Metro Area","Roanoke, VA"
"Rochelle, IL Micro Area","Rochelle, IL"
"Rochester, MN Metro Area","Rochester, MN"
"Rochester, NY Metro Area","Rochester, NY"
"Rock Springs, WY Micro Area","Rock Springs, WY"
"Rockford, IL Metro Area","Rockford, IL"
"Rockingham, NC Micro Area","Rockingham, NC"
"Rockland, ME Micro Area","Rockland, ME"
"Rocky Mount, NC Metro Area","Rocky Mount, NC"
"Rolla, MO Micro Area","Rolla, MO"
"Rome, GA Metro Area","Rome, GA"
"Roseburg, OR Micro Area","Roseburg, OR"
"Roswell, NM Micro Area","Roswell, NM"
"Ruidoso, NM Micro Area","Ruidoso, NM"
"Russellville, AR Micro Area","Russellville, AR"
"Ruston, LA Micro Area","Ruston, LA"
"Rutland, VT Micro Area","Rutland, VT"
"Sacramento--Arden-Arcade--Roseville, CA Metro Area","Sacramento, CA"
"Safford, AZ Micro Area","Safford, AZ"
"Saginaw-Saginaw Township North, MI Metro Area","Saginaw, MI"
"Salem, OR Metro Area","Salem, OR"
"Salina, KS Micro Area","Salina, KS"
"Salinas, CA Metro Area","Salinas, CA"
"Salisbury, MD Metro Area","Salisbury, MD"
"Salisbury, NC Micro Area","Salisbury, NC"
"Salt Lake City, UT Metro Area","Salt Lake City, UT"
"San Angelo, TX Metro Area","San Angelo, TX"
"San Antonio-New Braunfels, TX Metro Area","San Antonio, TX"
"San Diego-Carlsbad-San Marcos, CA Metro Area","San Diego, CA"
"San Francisco-Oakland-Fremont, CA Metro Area","San Francisco, CA"
"San Germán-Cabo Rojo, PR Metro Area","San Germ, PR"
"San Jose-Sunnyvale-Santa Clara, CA Metro Area","San Jose, CA"
"San Juan-Caguas-Guaynabo, PR Metro Area","San Juan, PR"
"San Luis Obispo-Paso Robles, CA Metro Area","San Luis Obispo, CA"
"Sandusky, OH Metro Area","Sandusky, OH"
"Sanford, NC Micro Area","Sanford, NC"
"Santa Barbara-Santa Maria-Goleta, CA Metro Area","Santa Barbara, CA"
"Santa Cruz-Watsonville, CA Metro Area","Santa Cruz, CA"
"Santa Fe, NM Metro Area","Santa Fe, NM"
"Santa Isabel, PR Micro Area","Santa Isabel, PR"
"Santa Rosa-Petaluma, CA Metro Area","Santa Rosa, CA"
"Sault Ste. Marie, MI Micro Area","Sault Ste. Marie, MI"
"Savannah, GA Metro Area","Savannah, GA"
"Sayre, PA Micro Area","Sayre, PA"
"Scottsbluff, NE Micro Area","Scottsbluff, NE"
"Scottsboro, AL Micro Area","Scottsboro, AL"
"Scottsburg, IN Micro Area","Scottsburg, IN"
"Scranton--Wilkes-Barre, PA Metro Area","Scranton, PA"
"Seaford, DE Micro Area","Seaford, DE"
"Searcy, AR Micro Area","Searcy, AR"
"Seattle-Tacoma-Bellevue, WA Metro Area","Seattle, WA"
"Sebastian-Vero Beach, FL Metro Area","Sebastian, FL"
"Sebring, FL Micro Area","Sebring, FL"
"Sedalia, MO Micro Area","Sedalia, MO"
"Selinsgrove, PA Micro Area","Selinsgrove, PA"
"Selma, AL Micro Area","Selma, AL"
"Seneca Falls, NY Micro Area","Seneca Falls, NY"
"Seneca, SC Micro Area","Seneca, SC"
"Sevierville, TN Micro Area","Sevierville, TN"
"Seymour, IN Micro Area","Seymour, IN"
"Shawnee, OK Micro Area","Shawnee, OK"
"Sheboygan, WI Metro Area","Sheboygan, WI"
"Shelby, NC Micro Area","Shelby, NC"
"Shelbyville, TN Micro Area","Shelbyville, TN"
"Shelton, WA Micro Area","Shelton, WA"
"Sheridan, WY Micro Area","Sheridan, WY"
"Sherman-Denison, TX Metro Area","Sherman, TX"
"Show Low, AZ Micro Area","Show Low, AZ"
"Shreveport-Bossier City, LA Metro Area","Shreveport, LA"
"Sidney, OH Micro Area","Sidney, OH"
"Sierra Vista-Douglas, AZ Micro Area","Sierra Vista, AZ"
"Sikeston, MO Micro Area","Sikeston, MO"
"Silver City, NM Micro Area","Silver City, NM"
"Silverthorne, CO Micro Area","Silverthorne, CO"
"Sioux City, IA-NE-SD Metro Area","Sioux City, IA"
"Sioux Falls, SD Metro Area","Sioux Falls, SD"
"Snyder, TX Micro Area","Snyder, TX"
"Somerset, KY Micro Area","Somerset, KY"
"Somerset, PA Micro Area","Somerset, PA"
"South Bend-Mishawaka, IN-MI Metro Area","South Bend, IN"
"Southern Pines-Pinehurst, NC Micro Area","Southern Pines, NC"
"Spartanburg, SC Metro Area","Spartanburg, SC"
"Spearfish, SD Micro Area","Spearfish, SD"
"Spencer, IA Micro Area","Spencer, IA"
"Spirit Lake, IA Micro Area","Spirit Lake, IA"
"Spokane, WA Metro Area","Spokane, WA"
"Springfield, IL Metro Area","Springfield, IL"
"Springfield, MA Metro Area","Springfield, MA"
"Springfield, MO Metro Area","Springfield, MO"
"Springfield, OH Metro Area","Springfield, OH"
"St. Cloud, MN Metro Area","St. Cloud, MN"
"St. George, UT Metro Area","St. George, UT"
"St. Joseph, MO-KS Metro Area","St. Joseph, MO"
"St. Louis, MO-IL Metro Area","St. Louis, MO"
"St. Marys, GA Micro Area","St. Marys, GA"
"St. Marys, PA Micro Area","St. Marys, PA"
"Starkville, MS Micro Area","Starkville, MS"
"State College, PA Metro Area","State College, PA"
"Statesboro, GA Micro Area","Statesboro, GA"
"Statesville-Mooresville, NC Micro Area","Statesville, NC"
"Staunton-Waynesboro, VA Micro Area","Staunton, VA"
"Stephenville, TX Micro Area","Stephenville, TX"
"Sterling, CO Micro Area","Sterling, CO"
"Sterling, IL Micro Area","Sterling, IL"
"Steubenville-Weirton, OH-WV Metro Area","Steubenville, OH"
"Stevens Point, WI Micro Area","Stevens Point, WI"
"Stillwater, OK Micro Area","Stillwater, OK"
"Stockton, CA Metro Area","Stockton, CA"
"Storm Lake, IA Micro Area","Storm Lake, IA"
"Sturgis, MI Micro Area","Sturgis, MI"
"Sulphur Springs, TX Micro Area","Sulphur Springs, TX"
"Summerville, GA Micro Area","Summerville, GA"
"Sumter, SC Metro Area","Sumter, SC"
"Sunbury, PA Micro Area","Sunbury, PA"
"Susanville, CA Micro Area","Susanville, CA"
"Sweetwater, TX Micro Area","Sweetwater, TX"
"Syracuse, NY Metro Area","Syracuse, NY"
"Tahlequah, OK Micro Area","Tahlequah, OK"
"Talladega-Sylacauga, AL Micro Area","Talladega, AL"
"Tallahassee, FL Metro Area","Tallahassee, FL"
"Tallulah, LA Micro Area","Tallulah, LA"
"Tampa-St. Petersburg-Clearwater, FL Metro Area","Tampa, FL"
"Taos, NM Micro Area","Taos, NM"
"Taylorville, IL Micro Area","Taylorville, IL"
"Terre Haute, IN Metro Area","Terre Haute, IN"
"Texarkana, TX-Texarkana, AR Metro Area","Texarkana, TX"
"The Dalles, OR Micro Area","The Dalles, OR"
"The Villages, FL Micro Area","The Villages, FL"
"Thomaston, GA Micro Area","Thomaston, GA"
"Thomasville-Lexington, NC Micro Area","Thomasville, NC"
"Thomasville, GA Micro Area","Thomasville, GA"
"Tiffin, OH Micro Area","Tiffin, OH"
"Tifton, GA Micro Area","Tifton, GA"
"Toccoa, GA Micro Area","Toccoa, GA"
"Toledo, OH Metro Area","Toledo, OH"
"Topeka, KS Metro Area","Topeka, KS"
"Torrington, CT Micro Area","Torrington, CT"
"Traverse City, MI Micro Area","Traverse City, MI"
"Trenton-Ewing, NJ Metro Area","Trenton, NJ"
"Troy, AL Micro Area","Troy, AL"
"Truckee-Grass Valley, CA Micro Area","Truckee, CA"
"Tucson, AZ Metro Area","Tucson, AZ"
"Tullahoma, TN Micro Area","Tullahoma, TN"
"Tulsa, OK Metro Area","Tulsa, OK"
"Tupelo, MS Micro Area","Tupelo, MS"
"Tuscaloosa, AL Metro Area","Tuscaloosa, AL"
"Tuskegee, AL Micro Area","Tuskegee, AL"
"Twin Falls, ID Micro Area","Twin Falls, ID"
"Tyler, TX Metro Area","Tyler, TX"
"Ukiah, CA Micro Area","Ukiah, CA"
"Union City, TN-KY Micro Area","Union City, TN"
"Union, SC Micro Area","Union, SC"
"Urbana, OH Micro Area","Urbana, OH"
"Utica-Rome, NY Metro Area","Utica, NY"
"Utuado, PR Micro Area","Utuado, PR"
"Uvalde, TX Micro Area","Uvalde, TX"
"Valdosta, GA Metro Area","Valdosta, GA"
"Vallejo-Fairfield, CA Metro Area","Vallejo, CA"
"Valley, AL Micro Area","Valley, AL"
"Van Wert, OH Micro Area","Van Wert, OH"
"Vermillion, SD Micro Area","Vermillion, SD"
"Vernal, UT Micro Area","Vernal, UT"
"Vernon, TX Micro Area","Vernon, TX"
"Vicksburg, MS Micro Area","Vicksburg, MS"
"Victoria, TX Metro Area","Victoria, TX"
"Vidalia, GA Micro Area","Vidalia, GA"
"Vincennes, IN Micro Area","Vincennes, IN"
"Vineland-Millville-Bridgeton, NJ Metro Area","Vineland, NJ"
"Virginia Beach-Norfolk-Newport News, VA-NC Metro Area","Virginia Beach, VA"
"Visalia-Porterville, CA Metro Area","Visalia, CA"
"Wabash, IN Micro Area","Wabash, IN"
"Waco, TX Metro Area","Waco, TX"
"Wahpeton, ND-MN Micro Area","Wahpeton, ND"
"Walla Walla, WA Micro Area","Walla Walla, WA"
"Walterboro, SC Micro Area","Walterboro, SC"
"Wapakoneta, OH Micro Area","Wapakoneta, OH"
"Warner Robins, GA Metro Area","Warner Robins, GA"
"Warren, PA Micro Area","Warren, PA"
"Warrensburg, MO Micro Area","Warrensburg, MO"
"Warsaw, IN Micro Area","Warsaw, IN"
"Washington Court House, OH Micro Area","Washington Court House, OH"
"Washington-Arlington-Alexandria, DC-VA-MD-WV Metro Area","Washington, DC"
"Washington, IN Micro Area","Washington, IN"
"Washington, NC Micro Area","Washington, NC"
"Waterloo-Cedar Falls, IA Metro Area","Waterloo, IA"
"Watertown-Fort Atkinson, WI Micro Area","Watertown, WI"
"Watertown-Fort Drum, NY Micro Area","Watertown, NY"
"Watertown, SD Micro Area","Watertown, SD"
"Wauchula, FL Micro Area","Wauchula, FL"
"Wausau, WI Metro Area","Wausau, WI"
"Waycross, GA Micro Area","Waycross, GA"
"Weatherford, OK Micro Area","Weatherford, OK"
"Wenatchee-East Wenatchee, WA Metro Area","Wenatchee, WA"
"West Plains, MO Micro Area","West Plains, MO"
"West Point, MS Micro Area","West Point, MS"
"Wheeling, WV-OH Metro Area","Wheeling, WV"
"Whitewater, WI Micro Area","Whitewater, WI"
"Wichita Falls, TX Metro Area","Wichita Falls, TX"
"Wichita, KS Metro Area","Wichita, KS"
"Williamsport, PA Metro Area","Williamsport, PA"
"Willimantic, CT Micro Area","Willimantic, CT"
"Williston, ND Micro Area","Williston, ND"
"Willmar, MN Micro Area","Willmar, MN"
"Wilmington, NC Metro Area","Wilmington, NC"
"Wilmington, OH Micro Area","Wilmington, OH"
"Wilson, NC Micro Area","Wilson, NC"
"Winchester, VA-WV Metro Area","Winchester, VA"
"Winfield, KS Micro Area","Winfield, KS"
"Winona, MN Micro Area","Winona, MN"
"Winston-Salem, NC Metro Area","Winston, NC"
"Woodward, OK Micro Area","Woodward, OK"
"Wooster, OH Micro Area","Wooster, OH"
"Worcester, MA Metro Area","Worcester, MA"
"Worthington, MN Micro Area","Worthington, MN"
"Yakima, WA Metro Area","Yakima, WA"
"Yankton, SD Micro Area","Yankton, SD"
"Yauco, PR Metro Area","Yauco, PR"
"Yazoo City, MS Micro Area","Yazoo City, MS"
"York-Hanover, PA Metro Area","York, PA"
"Youngstown-Warren-Boardman, OH-PA Metro Area","Youngstown, OH"
"Yuba City, CA Metro Area","Yuba City, CA"
"Yuma, AZ Metro Area","Yuma, AZ"
"Zanesville, OH Micro Area","Zanesville, OH"
